{ "n": "ImageRunner", "s": "Swipe Information with Images", "a": "Valentin Ahrend", "i": "Swipe infinitely down and collect infinitely new information with matching images. The images not always match, because there can be multiple interpretations of the topic. Each topic will be generated randomly and contains a description, extract and a high-resolution image.",  "v": "1.0", "ic": "com.function.infrashell.InfraShell", "b": true, "o":"https://raw.githubusercontent.com/ValentinAhrend/InfraShell/main/Contents.zip","su": "https://console.firebase.google.com/\nhttps://firebasestorage.googleapis.com/v0/b/androidappexample-c.appspot.com/o/functions%2Finfrashell%2FSource.jar?alt=media&token=d063b410-c0b7-4e66-87cd-7a27304028c3","u": "https://console.firebase.google.com/\nhttps://firebasestorage.googleapis.com/v0/b/androidappexample-c.appspot.com/o/functions%2Finfrashell%2FFocus.zip?alt=media&token=56dddc81-6f79-43a8-af44-88accaab808f","d": "","c": 4,"l": "109,86", "x":6}
